{
  "bytes": 6961300,
  "datahub": {
    "created": "2018-08-21T20:27:41.182847",
    "findability": "published",
    "flowid": "machine-learning/letter/3",
    "modified": "2018-09-06T14:09:03.331316",
    "owner": "machine-learning",
    "ownerid": "machine-learning"
  },
  "description": "The resources for this dataset can be found at https://www.openml.org/d/6\n\nAuthor: David J. Slate  \n",
  "hash": "85e17a737e5939163d57902e949e7708",
  "id": "machine-learning/letter",
  "licenses": [
    {
      "name": "ODC-PDDL",
      "path": "http://opendatacommons.org/licenses/pddl/",
      "title": "Open Data Commons Public Domain Dedication and License"
    }
  ],
  "name": "letter",
  "resources": [
    {
      "bytes": 720419,
      "datahub": {
        "type": "original"
      },
      "dpp:streamedFrom": "https://s3.amazonaws.com/rawstore.datahub.io/9d8a79dccd72f429b67b88387e994db8.arff?X-Amz-Algorithm=AWS4-HMAC-SHA256&X-Amz-Credential=AKIAJNFGAFBZO5V7NJVQ%2F20180906%2Fus-east-1%2Fs3%2Faws4_request&X-Amz-Date=20180906T140901Z&X-Amz-Expires=86400&X-Amz-SignedHeaders=host&X-Amz-Signature=5f9fd0ad184e27d52fc773203d84cc390926d3f249ea77fe18ab95f4a76a7869#.arff",
      "encoding": "ISO-8859-1",
      "format": "arff",
      "name": "letter_arff",
      "path": "archive/letter_arff.arff",
      "pathType": "local",
      "profile": "data-resource"
    },
    {
      "bytes": 712666,
      "datahub": {
        "type": "original"
      },
      "dialect": {
        "delimiter": ",",
        "quoteChar": "\""
      },
      "dpp:streamedFrom": "https://s3.amazonaws.com/rawstore.datahub.io/5d975eafbe9fe16a67e7326e38b8fd40.csv?X-Amz-Algorithm=AWS4-HMAC-SHA256&X-Amz-Credential=AKIAJNFGAFBZO5V7NJVQ%2F20180906%2Fus-east-1%2Fs3%2Faws4_request&X-Amz-Date=20180906T140901Z&X-Amz-Expires=86400&X-Amz-SignedHeaders=host&X-Amz-Signature=6e922d75dd6bd16d536b207001b6dbbde80ddd248eeb96c4cdb0cec78afc3e04#.csv",
      "encoding": "ISO-8859-1",
      "format": "csv",
      "mediatype": "text/csv",
      "name": "letter_original",
      "path": "archive/letter.csv",
      "pathType": "local",
      "profile": "data-resource",
      "schema": {
        "fields": [
          {
            "format": "default",
            "name": "x-box",
            "type": "number"
          },
          {
            "format": "default",
            "name": "y-box",
            "type": "number"
          },
          {
            "format": "default",
            "name": "width",
            "type": "number"
          },
          {
            "format": "default",
            "name": "high",
            "type": "number"
          },
          {
            "format": "default",
            "name": "onpix",
            "type": "number"
          },
          {
            "format": "default",
            "name": "x-bar",
            "type": "number"
          },
          {
            "format": "default",
            "name": "y-bar",
            "type": "number"
          },
          {
            "format": "default",
            "name": "x2bar",
            "type": "number"
          },
          {
            "format": "default",
            "name": "y2bar",
            "type": "number"
          },
          {
            "format": "default",
            "name": "xybar",
            "type": "number"
          },
          {
            "format": "default",
            "name": "x2ybr",
            "type": "number"
          },
          {
            "format": "default",
            "name": "xy2br",
            "type": "number"
          },
          {
            "format": "default",
            "name": "x-ege",
            "type": "number"
          },
          {
            "format": "default",
            "name": "xegvy",
            "type": "number"
          },
          {
            "format": "default",
            "name": "y-ege",
            "type": "number"
          },
          {
            "format": "default",
            "name": "yegvx",
            "type": "number"
          },
          {
            "format": "default",
            "name": "class",
            "type": "string"
          }
        ],
        "missingValues": [
          ""
        ]
      }
    },
    {
      "bytes": 1891,
      "datahub": {
        "type": "derived/report"
      },
      "description": "Validation report for tabular data",
      "dpp:streamedFrom": "/tmp/tmpgp79li8b/machine-learning/letter/validation_report/data/ac190a1538c4acfd4c03cb2160d26114/validation_report.json",
      "format": "json",
      "hash": "ac190a1538c4acfd4c03cb2160d26114",
      "name": "validation_report",
      "path": "data/validation_report.json",
      "profile": "data-resource"
    },
    {
      "bytes": 732667,
      "datahub": {
        "derivedFrom": [
          "letter"
        ],
        "type": "derived/csv"
      },
      "delimiter": ",",
      "dialect": {
        "delimiter": ",",
        "doubleQuote": true,
        "lineTerminator": "\r\n",
        "quoteChar": "\"",
        "skipInitialSpace": false
      },
      "dpp:streamedFrom": "/tmp/tmpgp79li8b/machine-learning/letter/letter_csv/data/5d975eafbe9fe16a67e7326e38b8fd40/letter_csv.csv",
      "encoding": "utf-8",
      "format": "csv",
      "hash": "5d975eafbe9fe16a67e7326e38b8fd40",
      "mediatype": "text/csv",
      "name": "letter_csv",
      "path": "data/letter_csv.csv",
      "pathType": "local",
      "profile": "data-resource",
      "quotechar": "\"",
      "rowcount": 20000,
      "schema": {
        "fields": [
          {
            "decimalChar": ".",
            "format": "default",
            "groupChar": "",
            "name": "x-box",
            "type": "number"
          },
          {
            "decimalChar": ".",
            "format": "default",
            "groupChar": "",
            "name": "y-box",
            "type": "number"
          },
          {
            "decimalChar": ".",
            "format": "default",
            "groupChar": "",
            "name": "width",
            "type": "number"
          },
          {
            "decimalChar": ".",
            "format": "default",
            "groupChar": "",
            "name": "high",
            "type": "number"
          },
          {
            "decimalChar": ".",
            "format": "default",
            "groupChar": "",
            "name": "onpix",
            "type": "number"
          },
          {
            "decimalChar": ".",
            "format": "default",
            "groupChar": "",
            "name": "x-bar",
            "type": "number"
          },
          {
            "decimalChar": ".",
            "format": "default",
            "groupChar": "",
            "name": "y-bar",
            "type": "number"
          },
          {
            "decimalChar": ".",
            "format": "default",
            "groupChar": "",
            "name": "x2bar",
            "type": "number"
          },
          {
            "decimalChar": ".",
            "format": "default",
            "groupChar": "",
            "name": "y2bar",
            "type": "number"
          },
          {
            "decimalChar": ".",
            "format": "default",
            "groupChar": "",
            "name": "xybar",
            "type": "number"
          },
          {
            "decimalChar": ".",
            "format": "default",
            "groupChar": "",
            "name": "x2ybr",
            "type": "number"
          },
          {
            "decimalChar": ".",
            "format": "default",
            "groupChar": "",
            "name": "xy2br",
            "type": "number"
          },
          {
            "decimalChar": ".",
            "format": "default",
            "groupChar": "",
            "name": "x-ege",
            "type": "number"
          },
          {
            "decimalChar": ".",
            "format": "default",
            "groupChar": "",
            "name": "xegvy",
            "type": "number"
          },
          {
            "decimalChar": ".",
            "format": "default",
            "groupChar": "",
            "name": "y-ege",
            "type": "number"
          },
          {
            "decimalChar": ".",
            "format": "default",
            "groupChar": "",
            "name": "yegvx",
            "type": "number"
          },
          {
            "format": "default",
            "name": "class",
            "type": "string"
          }
        ],
        "missingValues": [
          ""
        ]
      },
      "signed": true
    },
    {
      "bytes": 4792566,
      "datahub": {
        "derivedFrom": [
          "letter"
        ],
        "type": "derived/json"
      },
      "delimiter": ",",
      "dialect": {
        "delimiter": ",",
        "quoteChar": "\""
      },
      "dpp:streamedFrom": "/tmp/tmpgp79li8b/machine-learning/letter/letter_json/data/8b2e7e614f776268a3e8020a7afe2ed4/letter_json.json",
      "encoding": "utf-8",
      "format": "json",
      "hash": "8b2e7e614f776268a3e8020a7afe2ed4",
      "mediatype": "text/csv",
      "name": "letter_json",
      "path": "data/letter_json.json",
      "pathType": "local",
      "profile": "data-resource",
      "quotechar": "\"",
      "rowcount": 20000,
      "schema": {
        "fields": [
          {
            "format": "default",
            "name": "x-box",
            "type": "number"
          },
          {
            "format": "default",
            "name": "y-box",
            "type": "number"
          },
          {
            "format": "default",
            "name": "width",
            "type": "number"
          },
          {
            "format": "default",
            "name": "high",
            "type": "number"
          },
          {
            "format": "default",
            "name": "onpix",
            "type": "number"
          },
          {
            "format": "default",
            "name": "x-bar",
            "type": "number"
          },
          {
            "format": "default",
            "name": "y-bar",
            "type": "number"
          },
          {
            "format": "default",
            "name": "x2bar",
            "type": "number"
          },
          {
            "format": "default",
            "name": "y2bar",
            "type": "number"
          },
          {
            "format": "default",
            "name": "xybar",
            "type": "number"
          },
          {
            "format": "default",
            "name": "x2ybr",
            "type": "number"
          },
          {
            "format": "default",
            "name": "xy2br",
            "type": "number"
          },
          {
            "format": "default",
            "name": "x-ege",
            "type": "number"
          },
          {
            "format": "default",
            "name": "xegvy",
            "type": "number"
          },
          {
            "format": "default",
            "name": "y-ege",
            "type": "number"
          },
          {
            "format": "default",
            "name": "yegvx",
            "type": "number"
          },
          {
            "format": "default",
            "name": "class",
            "type": "string"
          }
        ],
        "missingValues": [
          ""
        ]
      },
      "signed": true
    },
    {
      "bytes": 1091,
      "dpp:streamedFrom": "/tmp/tmpo0kr6d6s/README.md",
      "format": "md",
      "name": "readme",
      "path": "README.md"
    }
  ],
  "title": "Letter"
}